test_id,label
3917,Forest
3864,Highway
3736,Industrial
511,SeaLake
3365,PermanentCrop
1504,SeaLake
2573,AnnualCrop
3638,River
2445,Residential
4129,HerbaceousVegetation
3945,HerbaceousVegetation
3632,PermanentCrop
3627,Highway
566,PermanentCrop
2955,Industrial
1478,PermanentCrop
1578,SeaLake
209,SeaLake
94,AnnualCrop
2424,Highway
366,Highway
3050,HerbaceousVegetation
3622,Forest
1892,HerbaceousVegetation
3996,PermanentCrop
1777,SeaLake
819,Residential
1612,Industrial
636,SeaLake
3366,River
723,Residential
2695,AnnualCrop
588,HerbaceousVegetation
2037,SeaLake
3813,Highway
549,PermanentCrop
3678,River
599,PermanentCrop
4097,Forest
2649,Residential
2614,SeaLake
1662,HerbaceousVegetation
1911,HerbaceousVegetation
56,Residential
2392,River
2237,PermanentCrop
281,SeaLake
1672,Highway
3941,SeaLake
3053,SeaLake
2204,SeaLake
2896,PermanentCrop
1053,HerbaceousVegetation
2981,Industrial
2632,Forest
776,Highway
2586,Residential
302,Highway
3641,Pasture
2125,PermanentCrop
567,PermanentCrop
426,AnnualCrop
3829,SeaLake
3887,SeaLake
2687,Residential
2510,PermanentCrop
3252,PermanentCrop
1219,Pasture
3738,Forest
1674,Highway
668,PermanentCrop
1645,HerbaceousVegetation
1012,Industrial
3456,HerbaceousVegetation
1183,SeaLake
2722,SeaLake
1515,Highway
1356,SeaLake
985,PermanentCrop
3311,AnnualCrop
4126,Residential
1180,PermanentCrop
1306,Forest
3097,Residential
1368,Residential
2451,AnnualCrop
454,Residential
1179,PermanentCrop
2890,HerbaceousVegetation
121,SeaLake
1705,SeaLake
3383,Residential
3140,AnnualCrop
138,AnnualCrop
398,SeaLake
4116,PermanentCrop
1711,AnnualCrop
241,HerbaceousVegetation
2732,Industrial
4121,HerbaceousVegetation
4038,Pasture
401,HerbaceousVegetation
2321,PermanentCrop
3758,PermanentCrop
242,River
3707,Pasture
4060,Residential
102,PermanentCrop
687,Industrial
2091,SeaLake
1495,SeaLake
2219,HerbaceousVegetation
2129,Industrial
1448,AnnualCrop
3159,PermanentCrop
846,SeaLake
1246,SeaLake
1296,HerbaceousVegetation
47,SeaLake
1804,SeaLake
1531,AnnualCrop
239,Industrial
1182,Highway
3072,PermanentCrop
1867,River
263,SeaLake
640,HerbaceousVegetation
1256,SeaLake
2409,AnnualCrop
2823,Pasture
1493,Industrial
2077,HerbaceousVegetation
691,Highway
425,Forest
363,PermanentCrop
197,Residential
310,SeaLake
655,PermanentCrop
3073,Pasture
634,SeaLake
4101,SeaLake
3295,AnnualCrop
4,HerbaceousVegetation
4203,PermanentCrop
252,Industrial
494,HerbaceousVegetation
4192,PermanentCrop
2119,SeaLake
3685,Highway
830,Residential
2315,PermanentCrop
3936,SeaLake
694,Industrial
1172,HerbaceousVegetation
1308,Highway
1954,PermanentCrop
605,Residential
1991,Residential
462,Residential
1503,PermanentCrop
110,Industrial
1959,River
3778,PermanentCrop
2591,Highway
1636,Industrial
704,PermanentCrop
3342,SeaLake
165,Residential
2605,SeaLake
3441,SeaLake
488,SeaLake
1906,SeaLake
2060,Pasture
2629,PermanentCrop
1113,River
2745,Industrial
2499,SeaLake
3199,AnnualCrop
4177,PermanentCrop
2164,SeaLake
4050,Forest
112,Forest
1828,PermanentCrop
938,SeaLake
784,Pasture
3576,Industrial
2396,Industrial
1066,HerbaceousVegetation
3470,PermanentCrop
3715,River
1668,PermanentCrop
3602,SeaLake
90,HerbaceousVegetation
1738,PermanentCrop
3192,Forest
132,SeaLake
3196,SeaLake
1115,Forest
1667,SeaLake
2447,SeaLake
1437,Pasture
136,HerbaceousVegetation
265,PermanentCrop
1552,Industrial
83,Highway
2208,Highway
79,SeaLake
140,AnnualCrop
351,HerbaceousVegetation
2755,HerbaceousVegetation
2743,River
3465,HerbaceousVegetation
2503,Highway
2879,PermanentCrop
589,Industrial
2360,HerbaceousVegetation
884,SeaLake
2550,Highway
193,Residential
2212,PermanentCrop
3944,PermanentCrop
810,PermanentCrop
4092,SeaLake
3723,Residential
2569,River
829,SeaLake
117,Pasture
3983,River
3630,SeaLake
2312,SeaLake
2930,SeaLake
326,Pasture
989,PermanentCrop
1507,PermanentCrop
2522,Pasture
2658,HerbaceousVegetation
3810,Highway
832,HerbaceousVegetation
1658,PermanentCrop
1749,HerbaceousVegetation
3434,HerbaceousVegetation
3030,SeaLake
2228,Highway
1796,SeaLake
182,Forest
295,SeaLake
654,PermanentCrop
3011,PermanentCrop
1881,PermanentCrop
2041,PermanentCrop
3423,Residential
1637,PermanentCrop
3884,Residential
3713,PermanentCrop
3038,HerbaceousVegetation
592,PermanentCrop
3099,SeaLake
1905,HerbaceousVegetation
2307,HerbaceousVegetation
540,PermanentCrop
324,Highway
1932,SeaLake
3076,SeaLake
741,Industrial
3653,Industrial
3890,Pasture
1299,Forest
1812,SeaLake
2909,SeaLake
1420,Highway
2491,HerbaceousVegetation
3284,SeaLake
722,Pasture
2814,Pasture
787,PermanentCrop
783,HerbaceousVegetation
3363,HerbaceousVegetation
1900,SeaLake
532,Industrial
659,River
1748,Pasture
480,Highway
3972,HerbaceousVegetation
2792,Residential
387,HerbaceousVegetation
2301,Forest
718,HerbaceousVegetation
1166,PermanentCrop
736,Highway
1432,HerbaceousVegetation
507,PermanentCrop
2140,HerbaceousVegetation
3694,Residential
971,SeaLake
7,SeaLake
4197,SeaLake
3801,PermanentCrop
2104,SeaLake
3909,Industrial
3462,AnnualCrop
683,Forest
705,Pasture
2089,HerbaceousVegetation
794,Industrial
2785,SeaLake
739,AnnualCrop
1032,SeaLake
1428,SeaLake
901,HerbaceousVegetation
2264,SeaLake
979,SeaLake
1962,Industrial
1007,HerbaceousVegetation
2529,SeaLake
2066,Forest
3420,PermanentCrop
1036,Forest
4122,Pasture
3024,SeaLake
1358,HerbaceousVegetation
2803,SeaLake
1270,Forest
1683,HerbaceousVegetation
52,SeaLake
2961,HerbaceousVegetation
3816,Forest
3572,SeaLake
1453,HerbaceousVegetation
524,HerbaceousVegetation
1099,HerbaceousVegetation
2043,Highway
2346,PermanentCrop
828,SeaLake
1518,PermanentCrop
1262,HerbaceousVegetation
290,HerbaceousVegetation
3912,PermanentCrop
3401,HerbaceousVegetation
2661,River
1715,PermanentCrop
85,SeaLake
1696,SeaLake
2061,SeaLake
1786,PermanentCrop
3374,Residential
675,SeaLake
1853,Highway
3985,Industrial
1436,Forest
3501,Highway
1759,HerbaceousVegetation
2476,HerbaceousVegetation
3057,Forest
2111,PermanentCrop
1480,Forest
3562,HerbaceousVegetation
744,PermanentCrop
282,River
1114,HerbaceousVegetation
1827,Highway
2069,Highway
3781,SeaLake
466,SeaLake
1208,HerbaceousVegetation
1839,Industrial
2756,SeaLake
1940,Residential
3863,Highway
3187,PermanentCrop
2624,PermanentCrop
1446,Residential
1382,PermanentCrop
417,Industrial
4213,Residential
1055,PermanentCrop
142,PermanentCrop
1704,SeaLake
923,SeaLake
2964,Pasture
3500,PermanentCrop
3916,SeaLake
1400,Residential
3741,HerbaceousVegetation
2603,River
3585,SeaLake
3095,SeaLake
2170,Residential
3257,Industrial
210,SeaLake
2817,HerbaceousVegetation
735,Residential
3943,Industrial
3854,SeaLake
3337,SeaLake
2230,Highway
266,SeaLake
1516,HerbaceousVegetation
1449,Forest
1593,HerbaceousVegetation
353,SeaLake
3958,Highway
2918,HerbaceousVegetation
3534,Industrial
3160,Highway
2397,SeaLake
1601,HerbaceousVegetation
3060,Industrial
1581,Highway
1752,Residential
3555,HerbaceousVegetation
4084,Industrial
2936,Highway
3387,AnnualCrop
3559,Highway
1868,River
1861,SeaLake
187,SeaLake
1122,PermanentCrop
3620,SeaLake
200,PermanentCrop
3063,AnnualCrop
2996,SeaLake
491,Pasture
947,HerbaceousVegetation
38,SeaLake
3757,SeaLake
3804,Industrial
3393,PermanentCrop
125,SeaLake
2377,SeaLake
3460,HerbaceousVegetation
3351,HerbaceousVegetation
648,PermanentCrop
2607,Pasture
222,Industrial
2663,Residential
1956,SeaLake
1372,PermanentCrop
2368,Highway
3904,Industrial
2966,Pasture
314,Pasture
3336,Forest
2773,Residential
2536,Residential
1090,PermanentCrop
498,AnnualCrop
404,SeaLake
1983,SeaLake
1440,Highway
3012,Forest
1895,Pasture
3175,River
1206,River
3019,AnnualCrop
931,SeaLake
575,Industrial
2788,PermanentCrop
115,SeaLake
2806,HerbaceousVegetation
2337,Residential
2518,HerbaceousVegetation
1989,Pasture
3349,HerbaceousVegetation
288,PermanentCrop
423,Highway
357,SeaLake
92,SeaLake
3977,PermanentCrop
2727,HerbaceousVegetation
1065,HerbaceousVegetation
1994,Highway
2888,SeaLake
3580,PermanentCrop
518,SeaLake
849,Residential
1288,River
2825,River
853,SeaLake
4173,PermanentCrop
2816,Residential
3777,Highway
2130,SeaLake
3493,SeaLake
3980,SeaLake
871,Residential
2801,SeaLake
2211,River
3696,SeaLake
1476,Industrial
128,PermanentCrop
3183,SeaLake
109,Industrial
1588,SeaLake
3445,River
1106,PermanentCrop
2477,PermanentCrop
2253,River
3656,SeaLake
1691,HerbaceousVegetation
2988,HerbaceousVegetation
2919,HerbaceousVegetation
1595,PermanentCrop
1365,SeaLake
2795,Pasture
327,SeaLake
4145,PermanentCrop
710,HerbaceousVegetation
1899,Pasture
4064,SeaLake
677,PermanentCrop
2836,HerbaceousVegetation
3213,SeaLake
305,HerbaceousVegetation
1798,River
4170,SeaLake
3731,PermanentCrop
1744,SeaLake
152,River
2000,River
2017,PermanentCrop
3802,PermanentCrop
2998,AnnualCrop
3574,Pasture
2190,HerbaceousVegetation
1582,HerbaceousVegetation
686,PermanentCrop
1064,River
1215,Forest
3014,SeaLake
3318,SeaLake
1871,HerbaceousVegetation
2610,Industrial
2039,HerbaceousVegetation
214,HerbaceousVegetation
4033,PermanentCrop
4125,HerbaceousVegetation
3356,Residential
2809,Industrial
3755,Residential
2448,SeaLake
3583,Pasture
4017,SeaLake
259,PermanentCrop
4134,HerbaceousVegetation
2298,PermanentCrop
889,SeaLake
484,Highway
1029,Highway
3584,Industrial
1338,HerbaceousVegetation
99,HerbaceousVegetation
3321,PermanentCrop
1807,PermanentCrop
279,SeaLake
2546,Highway
4223,Residential
2991,PermanentCrop
1529,PermanentCrop
2874,Industrial
1118,Pasture
2351,Highway
2436,PermanentCrop
46,HerbaceousVegetation
2497,Industrial
790,Highway
673,HerbaceousVegetation
3221,SeaLake
2095,Residential
1100,SeaLake
527,PermanentCrop
446,Industrial
639,Industrial
622,PermanentCrop
268,River
587,Pasture
637,HerbaceousVegetation
1942,Residential
1920,Industrial
476,HerbaceousVegetation
3695,PermanentCrop
3646,Industrial
1817,AnnualCrop
306,SeaLake
516,HerbaceousVegetation
251,SeaLake
3800,PermanentCrop
3931,PermanentCrop
1611,PermanentCrop
2905,SeaLake
1005,SeaLake
1542,HerbaceousVegetation
2330,SeaLake
2009,SeaLake
2543,HerbaceousVegetation
2221,SeaLake
3245,SeaLake
1038,Industrial
2200,Residential
3669,SeaLake
2926,PermanentCrop
3746,Highway
1692,Residential
1603,HerbaceousVegetation
167,Pasture
3664,SeaLake
316,Industrial
3853,SeaLake
3666,AnnualCrop
1616,HerbaceousVegetation
3817,SeaLake
336,SeaLake
1673,HerbaceousVegetation
333,Highway
1864,Industrial
2593,AnnualCrop
2364,SeaLake
3923,SeaLake
2131,Highway
1875,PermanentCrop
2107,SeaLake
1769,HerbaceousVegetation
1929,SeaLake
1857,PermanentCrop
2313,HerbaceousVegetation
3083,SeaLake
1984,HerbaceousVegetation
2740,PermanentCrop
4143,Forest
2923,SeaLake
2783,Pasture
2241,Industrial
768,Pasture
3838,HerbaceousVegetation
2892,HerbaceousVegetation
3151,AnnualCrop
1383,HerbaceousVegetation
932,Highway
3416,SeaLake
1101,AnnualCrop
2489,SeaLake
2210,SeaLake
2882,Forest
1490,Highway
486,Pasture
1245,SeaLake
946,HerbaceousVegetation
250,SeaLake
3007,Industrial
1633,HerbaceousVegetation
13,Industrial
2608,AnnualCrop
2324,River
1916,SeaLake
611,Pasture
4085,SeaLake
199,Pasture
2183,Residential
3136,HerbaceousVegetation
3243,Pasture
3530,HerbaceousVegetation
1540,HerbaceousVegetation
3276,SeaLake
1488,Industrial
2326,SeaLake
615,HerbaceousVegetation
3427,SeaLake
8,HerbaceousVegetation
816,SeaLake
1197,SeaLake
2387,HerbaceousVegetation
3013,HerbaceousVegetation
4042,Highway
2263,PermanentCrop
1626,SeaLake
467,HerbaceousVegetation
584,HerbaceousVegetation
1263,Industrial
2627,PermanentCrop
1869,Forest
4102,PermanentCrop
3788,Highway
1702,HerbaceousVegetation
3725,PermanentCrop
2012,HerbaceousVegetation
2343,HerbaceousVegetation
3497,SeaLake
2287,HerbaceousVegetation
120,SeaLake
4168,SeaLake
990,HerbaceousVegetation
1337,Pasture
966,SeaLake
1193,PermanentCrop
3066,PermanentCrop
2509,SeaLake
2143,HerbaceousVegetation
3389,HerbaceousVegetation
1810,SeaLake
579,PermanentCrop
355,Residential
4153,HerbaceousVegetation
3621,PermanentCrop
547,PermanentCrop
2340,Industrial
3724,SeaLake
3872,AnnualCrop
3720,PermanentCrop
1080,Forest
2517,HerbaceousVegetation
3162,Forest
1719,HerbaceousVegetation
2233,PermanentCrop
531,SeaLake
3163,SeaLake
3532,Pasture
1617,PermanentCrop
3881,Industrial
1171,Highway
1684,HerbaceousVegetation
1416,HerbaceousVegetation
2334,Pasture
1422,Highway
4053,AnnualCrop
3554,PermanentCrop
264,HerbaceousVegetation
196,Pasture
3068,SeaLake
1236,HerbaceousVegetation
844,Forest
3866,River
3546,SeaLake
3503,Forest
4043,SeaLake
2619,Pasture
756,SeaLake
1470,SeaLake
321,Highway
2851,SeaLake
2024,HerbaceousVegetation
1083,HerbaceousVegetation
3950,AnnualCrop
1846,Industrial
3020,Highway
2173,Industrial
15,HerbaceousVegetation
928,PermanentCrop
285,HerbaceousVegetation
17,River
4117,PermanentCrop
2406,Residential
2468,HerbaceousVegetation
856,HerbaceousVegetation
894,PermanentCrop
2054,SeaLake
1977,PermanentCrop
2686,Residential
271,SeaLake
2134,PermanentCrop
2460,SeaLake
3839,River
3533,PermanentCrop
440,HerbaceousVegetation
1411,SeaLake
317,PermanentCrop
356,SeaLake
4026,SeaLake
2354,PermanentCrop
2019,HerbaceousVegetation
3525,SeaLake
170,AnnualCrop
3371,Forest
2913,HerbaceousVegetation
3449,River
1945,SeaLake
726,SeaLake
1829,SeaLake
1255,HerbaceousVegetation
3543,PermanentCrop
1096,SeaLake
2410,Highway
400,AnnualCrop
270,SeaLake
3322,SeaLake
4115,PermanentCrop
2178,SeaLake
2189,SeaLake
2861,HerbaceousVegetation
2703,SeaLake
3467,River
1509,PermanentCrop
2465,Industrial
3711,PermanentCrop
1964,HerbaceousVegetation
3335,PermanentCrop
114,HerbaceousVegetation
2433,HerbaceousVegetation
2235,Pasture
3612,SeaLake
1843,SeaLake
3353,PermanentCrop
470,PermanentCrop
4034,SeaLake
2474,SeaLake
1790,Residential
3395,Forest
3739,HerbaceousVegetation
2478,Highway
824,SeaLake
1429,SeaLake
2622,PermanentCrop
2528,Forest
583,SeaLake
195,HerbaceousVegetation
2759,SeaLake
1934,River
2943,AnnualCrop
3521,SeaLake
30,AnnualCrop
4182,HerbaceousVegetation
1847,HerbaceousVegetation
2635,Residential
1336,PermanentCrop
1499,SeaLake
1876,River
3861,Pasture
4225,SeaLake
1811,Industrial
2769,SeaLake
495,SeaLake
3984,SeaLake
3022,HerbaceousVegetation
3676,Residential
2011,HerbaceousVegetation
234,PermanentCrop
1286,PermanentCrop
619,Highway
4163,HerbaceousVegetation
4048,Pasture
607,Highway
553,PermanentCrop
3355,PermanentCrop
2616,River
719,Pasture
3836,SeaLake
3473,AnnualCrop
2978,Pasture
173,SeaLake
133,HerbaceousVegetation
3753,Highway
272,Highway
850,PermanentCrop
2957,AnnualCrop
3468,Forest
1521,Industrial
3684,Forest
3528,Pasture
362,SeaLake
1972,PermanentCrop
3495,SeaLake
2416,Forest
2641,HerbaceousVegetation
1725,Forest
1278,PermanentCrop
4052,Highway
3443,PermanentCrop
3263,SeaLake
556,SeaLake
267,AnnualCrop
3650,HerbaceousVegetation
415,HerbaceousVegetation
221,SeaLake
1386,Highway
4216,PermanentCrop
2628,SeaLake
2864,SeaLake
3154,Residential
1997,HerbaceousVegetation
2493,Pasture
1801,Highway
2148,Residential
1075,PermanentCrop
1155,PermanentCrop
378,HerbaceousVegetation
2167,Forest
431,HerbaceousVegetation
536,AnnualCrop
172,PermanentCrop
2020,HerbaceousVegetation
3548,Forest
3412,HerbaceousVegetation
749,Highway
1536,PermanentCrop
2678,Industrial
2902,PermanentCrop
2490,PermanentCrop
2277,PermanentCrop
1605,SeaLake
1714,SeaLake
3927,SeaLake
3328,PermanentCrop
2748,Forest
3280,Pasture
1046,SeaLake
3376,River
3784,Industrial
296,AnnualCrop
3719,SeaLake
1184,Industrial
4141,Forest
3895,Industrial
4171,AnnualCrop
2950,Pasture
220,HerbaceousVegetation
1408,SeaLake
2216,Pasture
3992,AnnualCrop
1727,SeaLake
2822,AnnualCrop
3304,HerbaceousVegetation
1001,SeaLake
3046,River
2634,SeaLake
3540,Highway
660,SeaLake
760,Highway
3102,Residential
4184,SeaLake
2872,Industrial
2675,AnnualCrop
3190,SeaLake
3782,HerbaceousVegetation
554,SeaLake
76,PermanentCrop
970,Residential
2651,SeaLake
2846,SeaLake
1397,PermanentCrop
4074,Residential
2085,Highway
2935,PermanentCrop
1079,Residential
3392,Industrial
1152,PermanentCrop
4162,Residential
1624,HerbaceousVegetation
2921,Industrial
3220,Pasture
1851,HerbaceousVegetation
315,Highway
81,HerbaceousVegetation
3329,SeaLake
3210,SeaLake
2205,PermanentCrop
191,Highway
2952,River
2194,PermanentCrop
3229,PermanentCrop
905,SeaLake
2254,SeaLake
4010,HerbaceousVegetation
564,Industrial
3103,SeaLake
1897,PermanentCrop
534,Pasture
3448,Highway
3114,Highway
1927,Pasture
2970,AnnualCrop
1998,PermanentCrop
1771,PermanentCrop
3547,HerbaceousVegetation
557,SeaLake
283,Residential
2481,PermanentCrop
4160,PermanentCrop
3330,HerbaceousVegetation
1505,Highway
375,Highway
2533,SeaLake
4002,Industrial
734,Pasture
2268,SeaLake
2417,Industrial
875,HerbaceousVegetation
2847,AnnualCrop
2594,Highway
2606,Highway
3369,SeaLake
1709,HerbaceousVegetation
1985,SeaLake
1968,SeaLake
1438,SeaLake
2779,SeaLake
2097,Residential
4107,SeaLake
2314,HerbaceousVegetation
3681,Highway
3834,HerbaceousVegetation
3961,Residential
3550,SeaLake
1979,Pasture
2372,HerbaceousVegetation
1227,Forest
2276,AnnualCrop
1664,SeaLake
3792,PermanentCrop
762,Pasture
1175,PermanentCrop
2157,SeaLake
4069,River
1806,HerbaceousVegetation
1035,Forest
1442,HerbaceousVegetation
3305,Residential
87,Pasture
2682,HerbaceousVegetation
2979,Residential
1234,PermanentCrop
3902,SeaLake
2993,PermanentCrop
2229,Industrial
3637,SeaLake
1656,SeaLake
49,HerbaceousVegetation
3352,Highway
2381,PermanentCrop
716,PermanentCrop
2280,HerbaceousVegetation
3779,SeaLake
1767,SeaLake
2168,HerbaceousVegetation
2225,AnnualCrop
2963,HerbaceousVegetation
490,HerbaceousVegetation
3814,Residential
3084,Pasture
223,HerbaceousVegetation
2454,HerbaceousVegetation
3439,Forest
2399,SeaLake
1057,SeaLake
219,SeaLake
3598,Highway
1402,Industrial
3177,HerbaceousVegetation
1992,SeaLake
228,HerbaceousVegetation
512,River
2005,HerbaceousVegetation
3104,SeaLake
1681,Industrial
2862,SeaLake
746,SeaLake
2215,Highway
3924,SeaLake
131,HerbaceousVegetation
593,Residential
4012,Pasture
1625,Forest
2810,PermanentCrop
1623,SeaLake
1728,PermanentCrop
1188,HerbaceousVegetation
1957,HerbaceousVegetation
2341,Industrial
809,AnnualCrop
3185,HerbaceousVegetation
3591,Industrial
2269,SeaLake
3308,AnnualCrop
3750,Industrial
1010,Pasture
3790,Pasture
1312,HerbaceousVegetation
1914,Industrial
3156,Pasture
1103,PermanentCrop
2246,SeaLake
838,HerbaceousVegetation
3989,River
1202,SeaLake
576,Highway
959,HerbaceousVegetation
771,Pasture
3269,Pasture
3845,Industrial
3317,Industrial
273,PermanentCrop
836,HerbaceousVegetation
181,SeaLake
3170,PermanentCrop
1174,AnnualCrop
2712,PermanentCrop
198,AnnualCrop
3948,SeaLake
1334,PermanentCrop
1849,HerbaceousVegetation
3907,Industrial
616,PermanentCrop
1840,AnnualCrop
2206,Industrial
3997,HerbaceousVegetation
1642,SeaLake
1902,SeaLake
3111,HerbaceousVegetation
3474,SeaLake
1186,Residential
912,PermanentCrop
2257,HerbaceousVegetation
3176,HerbaceousVegetation
463,SeaLake
1701,PermanentCrop
2969,HerbaceousVegetation
703,Highway
3674,SeaLake
45,PermanentCrop
2985,PermanentCrop
1677,SeaLake
638,HerbaceousVegetation
3105,River
2666,Forest
2413,Pasture
3926,SeaLake
3976,SeaLake
1891,Residential
2027,SeaLake
3258,SeaLake
3126,PermanentCrop
626,AnnualCrop
4174,River
862,Highway
4166,HerbaceousVegetation
50,PermanentCrop
2839,SeaLake
3404,HerbaceousVegetation
3558,SeaLake
1961,PermanentCrop
2232,HerbaceousVegetation
2453,Forest
3212,Residential
2657,HerbaceousVegetation
1585,Residential
2412,PermanentCrop
2854,Pasture
1062,SeaLake
3058,PermanentCrop
3292,SeaLake
1109,PermanentCrop
3031,HerbaceousVegetation
3519,PermanentCrop
767,SeaLake
1424,PermanentCrop
1799,HerbaceousVegetation
1261,PermanentCrop
1785,HerbaceousVegetation
785,SeaLake
2733,River
3960,SeaLake
891,River
2375,SeaLake
2127,Industrial
1361,River
256,PermanentCrop
2601,AnnualCrop
406,Pasture
1986,SeaLake
3897,Pasture
225,SeaLake
2845,SeaLake
3549,Highway
2303,PermanentCrop
359,HerbaceousVegetation
685,SeaLake
3025,SeaLake
2029,Industrial
2391,HerbaceousVegetation
3194,Industrial
1300,Residential
1781,HerbaceousVegetation
4104,SeaLake
1094,SeaLake
2500,Residential
3032,PermanentCrop
2153,PermanentCrop
2990,SeaLake
3398,SeaLake
3640,Industrial
1731,Highway
3812,SeaLake
14,HerbaceousVegetation
1492,Residential
4204,PermanentCrop
2876,SeaLake
3981,HerbaceousVegetation
3298,AnnualCrop
3505,HerbaceousVegetation
3929,HerbaceousVegetation
3078,PermanentCrop
2557,PermanentCrop
701,Pasture
877,PermanentCrop
797,SeaLake
3026,SeaLake
2462,PermanentCrop
3553,SeaLake
3010,HerbaceousVegetation
1919,AnnualCrop
3570,SeaLake
4098,Highway
1694,SeaLake
737,SeaLake
3561,Industrial
666,PermanentCrop
4123,AnnualCrop
3334,SeaLake
3142,SeaLake
1682,SeaLake
1632,PermanentCrop
2114,River
1393,SeaLake
3488,Forest
1097,SeaLake
3244,SeaLake
2492,River
2415,Industrial
2757,Highway
2226,Highway
2818,Industrial
4016,PermanentCrop
3823,Residential
2132,SeaLake
2925,Residential
11,SeaLake
3082,SeaLake
4144,PermanentCrop
577,Pasture
2698,Highway
4151,Highway
2713,HerbaceousVegetation
3067,Residential
1560,PermanentCrop
4039,SeaLake
2581,Forest
2565,PermanentCrop
3675,SeaLake
2484,Industrial
1147,HerbaceousVegetation
1498,AnnualCrop
1074,HerbaceousVegetation
3568,SeaLake
391,SeaLake
697,PermanentCrop
237,SeaLake
3379,HerbaceousVegetation
2561,SeaLake
3165,PermanentCrop
3169,Pasture
348,Residential
1548,Industrial
2989,Industrial
258,River
2837,Residential
2857,Forest
1546,SeaLake
1754,HerbaceousVegetation
2908,Forest
3326,HerbaceousVegetation
1284,Highway
3325,SeaLake
3009,PermanentCrop
1570,SeaLake
860,SeaLake
335,HerbaceousVegetation
1396,SeaLake
287,HerbaceousVegetation
3262,SeaLake
3752,PermanentCrop
1739,AnnualCrop
1405,Pasture
678,Pasture
1784,Highway
2418,SeaLake
1467,SeaLake
1085,Highway
1713,SeaLake
633,PermanentCrop
3153,Industrial
3247,HerbaceousVegetation
2739,SeaLake
942,HerbaceousVegetation
2248,SeaLake
4005,Highway
1926,Residential
3036,PermanentCrop
4031,Pasture
1686,Residential
3040,AnnualCrop
3692,SeaLake
3520,River
3483,Highway
879,HerbaceousVegetation
601,AnnualCrop
2384,HerbaceousVegetation
3594,SeaLake
1741,SeaLake
3841,Industrial
2808,PermanentCrop
2911,SeaLake
3386,PermanentCrop
4047,SeaLake
4227,HerbaceousVegetation
1586,Residential
1621,Residential
3820,PermanentCrop
1259,SeaLake
1913,SeaLake
3955,SeaLake
3830,Industrial
976,SeaLake
2590,Residential
3381,SeaLake
3652,Highway
3208,HerbaceousVegetation
1918,Highway
1489,River
1473,HerbaceousVegetation
3454,SeaLake
2506,Highway
911,Industrial
3616,SeaLake
176,PermanentCrop
2802,Highway
591,Industrial
1573,Forest
1187,Forest
246,Highway
3354,SeaLake
1051,AnnualCrop
903,River
1481,SeaLake
2747,Highway
2751,Highway
2946,SeaLake
3879,PermanentCrop
2886,PermanentCrop
233,River
376,SeaLake
1020,SeaLake
2192,River
780,PermanentCrop
1267,HerbaceousVegetation
194,SeaLake
882,Industrial
2070,PermanentCrop
183,Highway
1093,PermanentCrop
3125,HerbaceousVegetation
2090,River
2537,SeaLake
2680,River
1295,Residential
2335,Pasture
2764,PermanentCrop
1638,SeaLake
3832,HerbaceousVegetation
64,SeaLake
1513,Highway
3575,Industrial
800,Forest
1697,Pasture
3730,PermanentCrop
2333,Pasture
3922,PermanentCrop
919,SeaLake
2028,Residential
886,PermanentCrop
878,HerbaceousVegetation
2968,SeaLake
1710,River
3267,HerbaceousVegetation
278,Forest
1089,Highway
1526,Pasture
1842,HerbaceousVegetation
3191,HerbaceousVegetation
389,PermanentCrop
3171,AnnualCrop
2040,PermanentCrop
3642,PermanentCrop
3037,AnnualCrop
2258,PermanentCrop
522,Pasture
2741,HerbaceousVegetation
2117,PermanentCrop
2673,Industrial
4128,SeaLake
2094,Highway
2003,AnnualCrop
3463,SeaLake
337,Highway
1126,Industrial
944,HerbaceousVegetation
1460,PermanentCrop
3436,HerbaceousVegetation
3786,SeaLake
449,Pasture
367,Residential
972,Industrial
3359,HerbaceousVegetation
3035,Pasture
2956,Forest
1734,PermanentCrop
1052,PermanentCrop
1068,HerbaceousVegetation
945,Residential
572,HerbaceousVegetation
964,SeaLake
1990,PermanentCrop
262,HerbaceousVegetation
1523,HerbaceousVegetation
727,HerbaceousVegetation
1321,SeaLake
3075,HerbaceousVegetation
137,Forest
4229,River
3144,Forest
2407,SeaLake
902,HerbaceousVegetation
2251,Pasture
2778,SeaLake
1466,PermanentCrop
1778,HerbaceousVegetation
2262,Pasture
1241,SeaLake
2544,Residential
3107,Highway
806,HerbaceousVegetation
1820,Forest
1938,Forest
2511,SeaLake
2944,SeaLake
2577,PermanentCrop
2473,PermanentCrop
4029,Residential
3096,Highway
1602,AnnualCrop
3193,Forest
3430,AnnualCrop
3882,Residential
500,PermanentCrop
758,Forest
1145,HerbaceousVegetation
37,Industrial
34,AnnualCrop
261,Pasture
2443,AnnualCrop
656,Pasture
3999,HerbaceousVegetation
245,Industrial
2429,SeaLake
304,SeaLake
1213,Industrial
68,River
1015,SeaLake
2078,SeaLake
1016,HerbaceousVegetation
2198,PermanentCrop
4046,AnnualCrop
1235,Forest
2289,PermanentCrop
1339,HerbaceousVegetation
2784,Residential
124,Pasture
503,SeaLake
3167,Pasture
349,SeaLake
574,HerbaceousVegetation
71,Pasture
4089,SeaLake
186,Pasture
3062,PermanentCrop
3712,Pasture
3631,HerbaceousVegetation
2461,SeaLake
2498,SeaLake
568,PermanentCrop
1576,PermanentCrop
2589,SeaLake
2584,Industrial
2699,SeaLake
2109,SeaLake
2526,HerbaceousVegetation
1343,PermanentCrop
888,AnnualCrop
177,Forest
2112,SeaLake
1228,Highway
379,PermanentCrop
492,AnnualCrop
887,SeaLake
725,Highway
2729,HerbaceousVegetation
3481,PermanentCrop
3506,PermanentCrop
227,HerbaceousVegetation
329,PermanentCrop
3039,Residential
2681,SeaLake
3480,PermanentCrop
956,SeaLake
303,PermanentCrop
3773,Residential
3628,HerbaceousVegetation
2530,SeaLake
1772,SeaLake
1975,PermanentCrop
2532,HerbaceousVegetation
2702,Highway
3088,PermanentCrop
69,SeaLake
974,Highway
1333,SeaLake
3797,HerbaceousVegetation
1084,PermanentCrop
3915,PermanentCrop
548,Highway
322,SeaLake
1475,HerbaceousVegetation
1844,Highway
3889,HerbaceousVegetation
2597,PermanentCrop
702,HerbaceousVegetation
1987,Pasture
4111,HerbaceousVegetation
1251,Industrial
3081,AnnualCrop
1044,River
1630,HerbaceousVegetation
3639,SeaLake
2176,HerbaceousVegetation
3601,PermanentCrop
1917,PermanentCrop
2840,PermanentCrop
2394,PermanentCrop
4231,HerbaceousVegetation
3899,AnnualCrop
2927,HerbaceousVegetation
695,SeaLake
23,SeaLake
1316,Pasture
2080,PermanentCrop
2466,SeaLake
184,PermanentCrop
3560,HerbaceousVegetation
2238,Forest
2710,Highway
1909,SeaLake
1389,Highway
2677,HerbaceousVegetation
397,Pasture
1050,SeaLake
1070,HerbaceousVegetation
1406,Forest
180,PermanentCrop
818,HerbaceousVegetation
1280,PermanentCrop
3966,Residential
97,River
3237,SeaLake
3023,SeaLake
1452,Industrial
1967,PermanentCrop
1569,Residential
868,Forest
2965,Residential
1850,Pasture
2827,Industrial
2646,HerbaceousVegetation
3206,HerbaceousVegetation
3425,Pasture
1862,HerbaceousVegetation
2959,SeaLake
2735,SeaLake
1150,Industrial
953,AnnualCrop
377,HerbaceousVegetation
2459,SeaLake
2425,Industrial
1568,Industrial
3775,HerbaceousVegetation
1793,Highway
3728,Pasture
3215,Industrial
978,SeaLake
3189,HerbaceousVegetation
2022,River
1620,Highway
65,SeaLake
1168,Residential
541,River
699,PermanentCrop
1597,HerbaceousVegetation
1615,SeaLake
918,SeaLake
1634,PermanentCrop
1004,SeaLake
2676,PermanentCrop
1444,Highway
808,Residential
3842,Pasture
1657,PermanentCrop
1884,SeaLake
501,River
2455,Pasture
3498,HerbaceousVegetation
1240,AnnualCrop
2502,PermanentCrop
2554,HerbaceousVegetation
1329,Highway
2152,PermanentCrop
3127,PermanentCrop
3300,HerbaceousVegetation
309,SeaLake
1156,HerbaceousVegetation
496,SeaLake
3699,PermanentCrop
21,Industrial
3828,River
275,River
2057,River
4025,HerbaceousVegetation
3611,SeaLake
3056,HerbaceousVegetation
248,SeaLake
3426,Highway
3440,Highway
2369,River
3146,HerbaceousVegetation
1,River
1848,PermanentCrop
1324,HerbaceousVegetation
3064,Pasture
2777,HerbaceousVegetation
1447,Highway
3522,HerbaceousVegetation
2087,Residential
680,Highway
2711,HerbaceousVegetation
707,PermanentCrop
2266,SeaLake
3783,Highway
3556,SeaLake
1305,HerbaceousVegetation
1207,PermanentCrop
1818,AnnualCrop
1463,Industrial
848,HerbaceousVegetation
1360,HerbaceousVegetation
3166,HerbaceousVegetation
1421,PermanentCrop
504,River
748,Industrial
2175,SeaLake
4158,Pasture
3223,Pasture
2122,Forest
2120,PermanentCrop
1013,SeaLake
3982,HerbaceousVegetation
2195,PermanentCrop
665,PermanentCrop
3537,HerbaceousVegetation
2133,SeaLake
1121,River
2331,PermanentCrop
2844,SeaLake
2270,SeaLake
2141,PermanentCrop
468,PermanentCrop
3798,SeaLake
3115,SeaLake
537,SeaLake
3764,Forest
3511,SeaLake
3858,SeaLake
403,Forest
3833,Industrial
3512,SeaLake
1939,HerbaceousVegetation
3438,PermanentCrop
4049,HerbaceousVegetation
580,Residential
1200,SeaLake
1349,SeaLake
2691,Pasture
3862,SeaLake
1880,HerbaceousVegetation
1981,HerbaceousVegetation
1543,Pasture
847,Highway
994,SeaLake
3727,Industrial
2113,HerbaceousVegetation
742,SeaLake
851,Industrial
628,Industrial
4081,PermanentCrop
1310,HerbaceousVegetation
1758,Forest
1454,SeaLake
1425,SeaLake
1019,PermanentCrop
1077,SeaLake
3472,Residential
1233,HerbaceousVegetation
2811,River
3515,SeaLake
3202,Forest
813,Industrial
732,River
2038,SeaLake
74,PermanentCrop
2419,HerbaceousVegetation
1335,Industrial
230,SeaLake
3017,Forest
2838,PermanentCrop
788,PermanentCrop
1104,Highway
1039,PermanentCrop
2376,PermanentCrop
2209,SeaLake
661,SeaLake
2245,River
4164,PermanentCrop
4032,SeaLake
2819,Highway
3320,Highway
1195,Industrial
3049,PermanentCrop
3086,PermanentCrop
1102,Highway
1795,Residential
3624,PermanentCrop
339,PermanentCrop
2047,PermanentCrop
2850,SeaLake
1042,PermanentCrop
3597,PermanentCrop
951,SeaLake
909,SeaLake
2907,Highway
2611,AnnualCrop
881,AnnualCrop
3051,AnnualCrop
2402,SeaLake
208,HerbaceousVegetation
1889,SeaLake
175,SeaLake
2252,Forest
505,Industrial
4199,PermanentCrop
927,Forest
893,SeaLake
1362,Pasture
1901,Highway
320,SeaLake
3302,Forest
3691,SeaLake
421,Pasture
459,Residential
4113,PermanentCrop
3770,Industrial
4159,PermanentCrop
2878,SeaLake
253,Forest
2299,PermanentCrop
129,River
1566,HerbaceousVegetation
2865,PermanentCrop
560,SeaLake
1364,Highway
1960,SeaLake
1888,HerbaceousVegetation
1644,HerbaceousVegetation
4112,Highway
1951,Industrial
3613,AnnualCrop
2630,HerbaceousVegetation
3145,HerbaceousVegetation
2752,Pasture
1098,Residential
1903,SeaLake
3433,Pasture
27,HerbaceousVegetation
1590,Residential
1768,PermanentCrop
3464,HerbaceousVegetation
597,SeaLake
618,Residential
6,SeaLake
2309,PermanentCrop
2513,SeaLake
2650,HerbaceousVegetation
318,SeaLake
3282,HerbaceousVegetation
4135,SeaLake
2863,Pasture
1860,PermanentCrop
217,AnnualCrop
5,AnnualCrop
667,SeaLake
2843,River
1567,Pasture
22,SeaLake
3143,Residential
3918,Residential
3120,SeaLake
4079,PermanentCrop
4120,HerbaceousVegetation
1283,Highway
3986,PermanentCrop
2647,HerbaceousVegetation
764,Pasture
2800,Highway
461,PermanentCrop
148,Pasture
1225,SeaLake
1045,Residential
969,HerbaceousVegetation
2101,AnnualCrop
1896,HerbaceousVegetation
2519,AnnualCrop
1788,Industrial
4109,SeaLake
4130,SeaLake
1375,PermanentCrop
40,PermanentCrop
840,SeaLake
1071,HerbaceousVegetation
596,SeaLake
3504,SeaLake
1837,Residential
2336,Industrial
1043,River
2934,SeaLake
2275,Highway
2265,PermanentCrop
1965,AnnualCrop
3717,Industrial
3793,HerbaceousVegetation
1357,PermanentCrop
89,SeaLake
822,SeaLake
243,PermanentCrop
3106,SeaLake
770,SeaLake
143,SeaLake
2633,AnnualCrop
1385,PermanentCrop
1584,River
2707,HerbaceousVegetation
1271,HerbaceousVegetation
2609,PermanentCrop
793,PermanentCrop
1544,AnnualCrop
514,SeaLake
1378,PermanentCrop
2470,Residential
2776,Residential
1392,SeaLake
1024,River
1417,HerbaceousVegetation
2684,SeaLake
438,SeaLake
899,SeaLake
1367,Pasture
2760,PermanentCrop
1134,Highway
218,HerbaceousVegetation
1971,PermanentCrop
3733,SeaLake
2922,PermanentCrop
3079,HerbaceousVegetation
934,Pasture
1660,Highway
3785,SeaLake
803,Industrial
3437,HerbaceousVegetation
1146,Industrial
2916,HerbaceousVegetation
4178,PermanentCrop
3765,Residential
4083,SeaLake
1746,HerbaceousVegetation
232,HerbaceousVegetation
3070,SeaLake
967,PermanentCrop
3061,SeaLake
2604,HerbaceousVegetation
1153,SeaLake
3283,Residential
2520,River
1775,SeaLake
4100,Highway
2347,SeaLake
2036,HerbaceousVegetation
1512,River
1571,Residential
1314,HerbaceousVegetation
2084,Residential
2438,HerbaceousVegetation
458,PermanentCrop
688,Pasture
3435,SeaLake
3850,Residential
692,SeaLake
3851,Forest
2958,SeaLake
998,AnnualCrop
3888,Industrial
31,Pasture
1394,PermanentCrop
1973,River
103,Residential
973,PermanentCrop
3286,SeaLake
2939,AnnualCrop
3450,PermanentCrop
544,PermanentCrop
1078,Highway
603,PermanentCrop
1216,SeaLake
41,Pasture
3211,Highway
3749,Residential
2834,Highway
2763,River
3524,Pasture
670,Residential
3626,Residential
1413,PermanentCrop
2790,River
681,SeaLake
1592,River
609,Forest
169,Highway
1264,PermanentCrop
4108,Industrial
2227,SeaLake
1415,PermanentCrop
35,River
3690,SeaLake
1514,River
1953,HerbaceousVegetation
3683,SeaLake
926,HerbaceousVegetation
1275,Pasture
119,Industrial
1105,SeaLake
1949,Pasture
1250,Highway
1412,PermanentCrop
2016,HerbaceousVegetation
2464,Residential
1076,Forest
2188,AnnualCrop
1815,Residential
3808,PermanentCrop
4013,HerbaceousVegetation
2108,HerbaceousVegetation
679,HerbaceousVegetation
3204,Highway
1599,HerbaceousVegetation
453,HerbaceousVegetation
578,Forest
2716,HerbaceousVegetation
3117,SeaLake
3367,River
308,PermanentCrop
2273,HerbaceousVegetation
1808,PermanentCrop
1937,SeaLake
2001,Highway
2278,HerbaceousVegetation
2339,HerbaceousVegetation
2072,Pasture
837,Residential
957,Forest
3509,HerbaceousVegetation
2595,SeaLake
948,SeaLake
3378,AnnualCrop
3735,Highway
1823,SeaLake
3338,SeaLake
2239,SeaLake
3883,PermanentCrop
3769,HerbaceousVegetation
2841,HerbaceousVegetation
3478,PermanentCrop
2191,Pasture
409,HerbaceousVegetation
451,SeaLake
135,AnnualCrop
3001,SeaLake
4179,Highway
3152,SeaLake
3350,Highway
3002,AnnualCrop
3910,SeaLake
1695,AnnualCrop
44,Pasture
1072,Highway
913,Industrial
4131,SeaLake
1841,PermanentCrop
1703,Forest
1555,HerbaceousVegetation
3251,Industrial
203,Highway
3990,PermanentCrop
1130,Pasture
3588,Pasture
3609,Forest
3901,PermanentCrop
1472,HerbaceousVegetation
1423,SeaLake
2067,SeaLake
61,River
3458,AnnualCrop
3021,Highway
1549,AnnualCrop
3971,HerbaceousVegetation
2512,SeaLake
720,PermanentCrop
2243,SeaLake
4165,HerbaceousVegetation
2052,HerbaceousVegetation
1091,Residential
1856,SeaLake
3716,SeaLake
4062,SeaLake
2236,Highway
3250,HerbaceousVegetation
2373,SeaLake
1302,PermanentCrop
1212,Forest
3268,HerbaceousVegetation
1291,Residential
2893,Pasture
3303,Industrial
3203,SeaLake
473,SeaLake
2723,Residential
2832,Pasture
1081,HerbaceousVegetation
1947,Residential
713,HerbaceousVegetation
1322,SeaLake
3446,Highway
3232,Pasture
954,SeaLake
2948,Pasture
3415,Residential
2345,HerbaceousVegetation
1419,PermanentCrop
2933,AnnualCrop
2898,PermanentCrop
3041,Highway
802,HerbaceousVegetation
3906,Pasture
2986,Pasture
3362,SeaLake
2318,SeaLake
1764,HerbaceousVegetation
3005,HerbaceousVegetation
781,HerbaceousVegetation
3894,PermanentCrop
2693,SeaLake
301,Highway
1159,HerbaceousVegetation
4023,Highway
93,SeaLake
1736,Industrial
3384,SeaLake
2404,Pasture
3241,Residential
2534,SeaLake
16,SeaLake
352,PermanentCrop
873,Industrial
2799,River
1553,HerbaceousVegetation
3347,HerbaceousVegetation
277,HerbaceousVegetation
311,PermanentCrop
2914,HerbaceousVegetation
2580,PermanentCrop
437,River
2049,PermanentCrop
338,PermanentCrop
2696,Pasture
3569,Pasture
968,PermanentCrop
866,AnnualCrop
1163,PermanentCrop
1285,SeaLake
1716,Highway
632,PermanentCrop
1369,SeaLake
2030,PermanentCrop
2514,HerbaceousVegetation
3214,SeaLake
57,Pasture
820,PermanentCrop
4133,PermanentCrop
874,Highway
2781,HerbaceousVegetation
3995,Pasture
2796,PermanentCrop
1399,PermanentCrop
373,Residential
569,SeaLake
3856,Residential
3452,SeaLake
2259,PermanentCrop
1653,Residential
3382,Highway
509,HerbaceousVegetation
2708,PermanentCrop
778,PermanentCrop
3285,Residential
933,Industrial
1341,SeaLake
1237,Highway
1332,SeaLake
2640,Pasture
3098,SeaLake
2217,PermanentCrop
949,HerbaceousVegetation
1789,PermanentCrop
3843,Residential
1149,Pasture
552,PermanentCrop
3428,River
29,Industrial
2316,HerbaceousVegetation
472,HerbaceousVegetation
558,PermanentCrop
434,Industrial
3123,Industrial
805,PermanentCrop
3705,River
2311,Forest
2371,HerbaceousVegetation
1108,SeaLake
298,SeaLake
3042,SeaLake
1048,Forest
869,SeaLake
2414,SeaLake
2562,Industrial
773,SeaLake
2571,HerbaceousVegetation
2599,SeaLake
2625,HerbaceousVegetation
2895,SeaLake
1067,River
2786,Pasture
1418,SeaLake
3499,River
3710,PermanentCrop
2567,Forest
3377,SeaLake
1162,Highway
4095,Pasture
3905,River
3974,Pasture
1140,PermanentCrop
3809,SeaLake
297,SeaLake
1167,Residential
3825,Highway
1631,SeaLake
1836,SeaLake
2744,River
1539,SeaLake
3385,HerbaceousVegetation
2984,SeaLake
3846,SeaLake
3306,HerbaceousVegetation
2828,SeaLake
2689,PermanentCrop
2587,PermanentCrop
4044,SeaLake
1610,River
852,PermanentCrop
2093,PermanentCrop
3323,Forest
3047,River
3544,HerbaceousVegetation
3364,Highway
3195,SeaLake
3747,PermanentCrop
3186,Industrial
139,SeaLake
2393,SeaLake
2775,HerbaceousVegetation
2482,SeaLake
229,HerbaceousVegetation
1698,PermanentCrop
1376,PermanentCrop
895,River
1966,Industrial
155,SeaLake
4193,SeaLake
1690,Residential
3319,SeaLake
111,AnnualCrop
940,HerbaceousVegetation
3947,HerbaceousVegetation
2501,SeaLake
402,HerbaceousVegetation
2592,SeaLake
3586,HerbaceousVegetation
231,PermanentCrop
1398,Residential
1018,Pasture
533,HerbaceousVegetation
608,SeaLake
2203,SeaLake
766,HerbaceousVegetation
2055,HerbaceousVegetation
3706,PermanentCrop
2488,SeaLake
113,HerbaceousVegetation
2063,Residential
2859,Industrial
2388,SeaLake
2449,Forest
3819,Pasture
1023,Residential
2642,SeaLake
1723,Pasture
1242,PermanentCrop
2323,PermanentCrop
833,River
510,Industrial
4176,PermanentCrop
1266,Pasture
3649,PermanentCrop
371,SeaLake
2471,Highway
3508,Residential
791,SeaLake
455,SeaLake
2302,Forest
3315,SeaLake
3149,SeaLake
562,Pasture
3180,SeaLake
369,SeaLake
712,Industrial
3400,PermanentCrop
3485,HerbaceousVegetation
2849,HerbaceousVegetation
2222,Industrial
192,Residential
3859,PermanentCrop
190,Pasture
374,SeaLake
1558,PermanentCrop
642,Industrial
987,Industrial
59,PermanentCrop
158,PermanentCrop
4228,Highway
706,HerbaceousVegetation
2852,SeaLake
2538,Highway
2982,SeaLake
1279,SeaLake
2408,HerbaceousVegetation
1732,Highway
2690,Highway
159,HerbaceousVegetation
1128,Industrial
617,Pasture
738,Highway
1766,HerbaceousVegetation
1993,AnnualCrop
3015,AnnualCrop
1238,Forest
2575,HerbaceousVegetation
696,PermanentCrop
405,Pasture
3536,SeaLake
1589,PermanentCrop
1056,Pasture
3246,Highway
4088,SeaLake
858,Industrial
28,HerbaceousVegetation
3396,HerbaceousVegetation
390,AnnualCrop
1209,Pasture
2496,PermanentCrop
523,PermanentCrop
2972,SeaLake
2917,PermanentCrop
765,HerbaceousVegetation
4217,Industrial
693,PermanentCrop
2031,PermanentCrop
1883,AnnualCrop
82,PermanentCrop
1855,SeaLake
3969,SeaLake
2154,PermanentCrop
1350,PermanentCrop
2600,AnnualCrop
312,HerbaceousVegetation
255,HerbaceousVegetation
1511,PermanentCrop
1345,SeaLake
1160,AnnualCrop
4149,Residential
2749,Pasture
1000,Highway
2572,Industrial
2380,River
457,Industrial
2929,Highway
2860,PermanentCrop
1809,PermanentCrop
2426,HerbaceousVegetation
3141,SeaLake
420,River
3806,PermanentCrop
3949,HerbaceousVegetation
1882,Industrial
3479,Highway
4206,SeaLake
782,SeaLake
482,River
2620,Residential
2668,HerbaceousVegetation
1458,SeaLake
2338,HerbaceousVegetation
2962,Industrial
3380,PermanentCrop
487,Industrial
3925,AnnualCrop
3340,Industrial
1607,SeaLake
2062,River
3230,Pasture
178,PermanentCrop
1248,PermanentCrop
1220,Industrial
3100,SeaLake
671,PermanentCrop
2583,SeaLake
3069,Residential
2370,PermanentCrop
134,Pasture
145,PermanentCrop
1519,HerbaceousVegetation
3492,HerbaceousVegetation
4181,HerbaceousVegetation
3880,PermanentCrop
3987,AnnualCrop
215,PermanentCrop
2515,AnnualCrop
2045,HerbaceousVegetation
3261,PermanentCrop
3939,SeaLake
1387,SeaLake
88,Forest
1887,HerbaceousVegetation
786,HerbaceousVegetation
3370,AnnualCrop
96,River
3523,SeaLake
1319,SeaLake
3865,HerbaceousVegetation
2201,PermanentCrop
625,SeaLake
2853,PermanentCrop
1049,Residential
161,Highway
1779,Highway
2074,Highway
54,Highway
754,Highway
1606,PermanentCrop
1290,HerbaceousVegetation
4207,HerbaceousVegetation
2427,SeaLake
3085,Pasture
876,Industrial
2358,SeaLake
1640,River
2726,SeaLake
1169,Highway
385,Industrial
3877,PermanentCrop
3179,PermanentCrop
10,SeaLake
1635,HerbaceousVegetation
3517,PermanentCrop
2163,PermanentCrop
107,HerbaceousVegetation
3034,HerbaceousVegetation
2523,PermanentCrop
3390,HerbaceousVegetation
1935,PermanentCrop
2574,Residential
3937,Industrial
2894,PermanentCrop
1894,SeaLake
80,Pasture
779,Industrial
2505,Pasture
623,PermanentCrop
1352,AnnualCrop
95,SeaLake
3913,PermanentCrop
364,PermanentCrop
3277,Pasture
2598,PermanentCrop
86,SeaLake
3659,Industrial
101,Residential
2885,PermanentCrop
2551,PermanentCrop
3714,SeaLake
3824,SeaLake
2945,PermanentCrop
332,PermanentCrop
3451,PermanentCrop
4185,PermanentCrop
185,PermanentCrop
672,Forest
3052,PermanentCrop
4103,PermanentCrop
441,SeaLake
3358,SeaLake
342,SeaLake
2444,SeaLake
2771,SeaLake
257,HerbaceousVegetation
2184,SeaLake
2903,River
3006,River
350,PermanentCrop
1148,Industrial
1464,HerbaceousVegetation
3514,PermanentCrop
924,PermanentCrop
3563,Highway
2835,Highway
2563,HerbaceousVegetation
3673,Industrial
1502,PermanentCrop
2174,SeaLake
930,PermanentCrop
3316,Highway
3477,HerbaceousVegetation
2717,SeaLake
2637,AnnualCrop
3900,SeaLake
2718,PermanentCrop
3275,SeaLake
3868,Residential
4132,AnnualCrop
1218,Industrial
299,Residential
43,SeaLake
2789,PermanentCrop
775,Highway
3368,River
2092,Pasture
4028,PermanentCrop
1205,Forest
529,HerbaceousVegetation
1181,River
757,SeaLake
1082,PermanentCrop
854,Highway
561,Industrial
1009,HerbaceousVegetation
3772,Residential
2103,Highway
3933,Highway
2181,Residential
1451,Residential
743,AnnualCrop
1845,Highway
740,PermanentCrop
3414,HerbaceousVegetation
3680,Highway
2023,Residential
2355,HerbaceousVegetation
368,Industrial
929,PermanentCrop
2450,PermanentCrop
1952,PermanentCrop
3158,Highway
2185,HerbaceousVegetation
550,PermanentCrop
1706,PermanentCrop
3482,Highway
1477,Residential
2068,Highway
42,HerbaceousVegetation
812,PermanentCrop
590,PermanentCrop
2798,SeaLake
3744,Highway
935,SeaLake
3953,HerbaceousVegetation
70,SeaLake
3875,Industrial
1879,SeaLake
2976,Pasture
1737,HerbaceousVegetation
1127,PermanentCrop
1562,SeaLake
2901,SeaLake
2359,HerbaceousVegetation
2328,Residential
330,Highway
4068,PermanentCrop
631,HerbaceousVegetation
2866,PermanentCrop
1434,PermanentCrop
58,SeaLake
3822,Highway
247,AnnualCrop
733,River
450,River
1594,SeaLake
2615,Pasture
3876,Highway
4150,PermanentCrop
4175,HerbaceousVegetation
2660,Residential
334,HerbaceousVegetation
834,Highway
585,Pasture
1459,SeaLake
801,HerbaceousVegetation
2472,SeaLake
641,HerbaceousVegetation
4124,Residential
386,HerbaceousVegetation
481,SeaLake
1445,Highway
4093,SeaLake
1059,Pasture
3301,HerbaceousVegetation
2937,Industrial
2535,SeaLake
1614,PermanentCrop
3297,SeaLake
344,HerbaceousVegetation
831,Industrial
1311,SeaLake
3526,SeaLake
291,PermanentCrop
2035,AnnualCrop
412,Residential
1830,PermanentCrop
2014,SeaLake
2541,SeaLake
319,HerbaceousVegetation
3027,SeaLake
3827,Highway
521,PermanentCrop
4147,PermanentCrop
1661,PermanentCrop
4065,SeaLake
2662,PermanentCrop
3606,Highway
1535,SeaLake
2560,PermanentCrop
2180,Highway
2728,SeaLake
4136,PermanentCrop
1854,PermanentCrop
1141,SeaLake
2121,Forest
2820,Highway
2247,AnnualCrop
1092,HerbaceousVegetation
394,Highway
2884,Highway
4194,PermanentCrop
4183,HerbaceousVegetation
1629,SeaLake
981,AnnualCrop
988,Highway
2700,Pasture
343,SeaLake
1222,SeaLake
2137,Pasture
3577,Industrial
1401,PermanentCrop
916,Forest
3405,SeaLake
2549,HerbaceousVegetation
2545,PermanentCrop
4110,SeaLake
807,Forest
1257,PermanentCrop
2386,PermanentCrop
3157,HerbaceousVegetation
3045,PermanentCrop
2671,PermanentCrop
936,PermanentCrop
4070,PermanentCrop
73,SeaLake
2734,HerbaceousVegetation
2704,SeaLake
3940,Highway
2193,PermanentCrop
3218,SeaLake
2431,Forest
429,Industrial
3795,SeaLake
2166,Highway
4155,HerbaceousVegetation
4161,Highway
1787,SeaLake
3756,HerbaceousVegetation
4036,HerbaceousVegetation
1921,SeaLake
1587,PermanentCrop
1313,PermanentCrop
1487,SeaLake
950,PermanentCrop
1755,AnnualCrop
3840,SeaLake
2367,SeaLake
3796,Forest
2631,SeaLake
643,Highway
2050,Highway
2762,SeaLake
3418,SeaLake
2026,SeaLake
3885,HerbaceousVegetation
3184,Pasture
1176,PermanentCrop
1928,HerbaceousVegetation
2288,PermanentCrop
84,SeaLake
3110,SeaLake
3644,River
943,PermanentCrop
4157,Pasture
1933,SeaLake
3954,HerbaceousVegetation
1687,Highway
1780,SeaLake
1198,Forest
2669,SeaLake
2046,SeaLake
2272,PermanentCrop
2974,HerbaceousVegetation
1708,SeaLake
1381,PermanentCrop
539,Residential
1330,SeaLake
1027,Forest
2701,PermanentCrop
2283,HerbaceousVegetation
3963,SeaLake
48,Highway
724,HerbaceousVegetation
2064,SeaLake
307,PermanentCrop
2296,Highway
1747,Forest
3617,HerbaceousVegetation
416,Industrial
3774,PermanentCrop
3799,HerbaceousVegetation
2149,Pasture
2848,SeaLake
3807,HerbaceousVegetation
2286,Industrial
3582,Industrial
4073,PermanentCrop
2724,Residential
3299,AnnualCrop
2285,Highway
3636,HerbaceousVegetation
2670,Highway
4055,SeaLake
1407,PermanentCrop
2906,Residential
3182,Industrial
3080,PermanentCrop
674,SeaLake
1551,PermanentCrop
2588,SeaLake
1348,PermanentCrop
1743,HerbaceousVegetation
1282,SeaLake
751,Residential
146,SeaLake
4059,SeaLake
3670,Highway
1371,Industrial
3278,HerbaceousVegetation
600,SeaLake
3776,Industrial
1471,SeaLake
2342,HerbaceousVegetation
2446,Pasture
1792,PermanentCrop
1833,HerbaceousVegetation
1117,Highway
407,Industrial
3891,HerbaceousVegetation
883,HerbaceousVegetation
769,Highway
602,Industrial
18,PermanentCrop
3742,Industrial
4009,SeaLake
2813,Highway
493,PermanentCrop
982,Pasture
1757,SeaLake
9,PermanentCrop
2202,Highway
1135,Residential
323,HerbaceousVegetation
1410,PermanentCrop
3648,AnnualCrop
1095,HerbaceousVegetation
276,SeaLake
2831,Highway
3475,Highway
1370,AnnualCrop
3610,SeaLake
3407,Pasture
4045,Residential
100,SeaLake
2086,PermanentCrop
1740,PermanentCrop
0,Forest
3935,SeaLake
508,Highway
4230,Residential
3271,SeaLake
2284,SeaLake
1177,Forest
2058,Industrial
465,SeaLake
2281,Highway
4208,HerbaceousVegetation
3147,PermanentCrop
535,Highway
2400,PermanentCrop
1041,SeaLake
2736,SeaLake
19,River
1088,HerbaceousVegetation
2540,PermanentCrop
78,HerbaceousVegetation
2100,Forest
153,Pasture
915,PermanentCrop
66,SeaLake
3951,PermanentCrop
3216,River
3150,SeaLake
2110,SeaLake
3487,HerbaceousVegetation
1528,Pasture
2938,Industrial
3679,AnnualCrop
3952,AnnualCrop
3089,Residential
2099,AnnualCrop
2980,HerbaceousVegetation
958,Pasture
1559,Highway
396,SeaLake
2791,Industrial
1204,SeaLake
3768,Forest
1655,River
2758,Industrial
2322,SeaLake
2507,Forest
3459,HerbaceousVegetation
3964,HerbaceousVegetation
823,PermanentCrop
3118,Highway
2389,Highway
1510,Highway
3527,SeaLake
2440,SeaLake
2570,HerbaceousVegetation
1724,Residential
1426,HerbaceousVegetation
4211,Residential
3466,Highway
530,Industrial
2385,Forest
1210,PermanentCrop
3893,Forest
907,SeaLake
2555,Highway
1008,PermanentCrop
3087,PermanentCrop
4000,SeaLake
2010,SeaLake
3605,HerbaceousVegetation
645,Industrial
2527,River
1941,SeaLake
2924,Forest
67,SeaLake
471,SeaLake
32,SeaLake
3121,SeaLake
904,Forest
3122,PermanentCrop
1414,Highway
1351,SeaLake
2155,HerbaceousVegetation
2626,PermanentCrop
2504,HerbaceousVegetation
1666,Industrial
1377,SeaLake
3339,SeaLake
1680,SeaLake
520,Residential
2437,PermanentCrop
3998,Industrial
1125,Industrial
1722,AnnualCrop
3962,PermanentCrop
3346,SeaLake
1988,HerbaceousVegetation
2138,Industrial
1534,Pasture
1770,HerbaceousVegetation
3729,River
857,SeaLake
1550,SeaLake
2442,River
2051,Highway
469,Highway
2365,HerbaceousVegetation
1190,Pasture
3590,HerbaceousVegetation
3055,PermanentCrop
1794,Highway
2582,Pasture
804,HerbaceousVegetation
2612,SeaLake
2721,Forest
1014,Residential
3634,Industrial
3253,River
1047,SeaLake
98,Residential
2564,SeaLake
2975,AnnualCrop
845,SeaLake
1814,Pasture
1831,Residential
3469,SeaLake
1643,Pasture
2659,Residential
384,Industrial
1388,PermanentCrop
2006,PermanentCrop
3655,Industrial
2932,SeaLake
2013,Residential
3595,SeaLake
1800,PermanentCrop
2826,Industrial
2076,PermanentCrop
1456,Industrial
2297,Residential
1821,PermanentCrop
629,SeaLake
2754,Forest
796,HerbaceousVegetation
565,Highway
3658,Industrial
2250,HerbaceousVegetation
3274,SeaLake
4082,PermanentCrop
2645,SeaLake
2479,SeaLake
2073,PermanentCrop
3704,SeaLake
1443,Highway
1924,Industrial
2487,HerbaceousVegetation
2293,HerbaceousVegetation
1717,Highway
499,SeaLake
2720,PermanentCrop
1659,Residential
1244,PermanentCrop
1139,HerbaceousVegetation
817,Highway
358,SeaLake
992,SeaLake
4219,HerbaceousVegetation
3743,Highway
418,HerbaceousVegetation
477,Pasture
1663,Highway
3033,Highway
188,Highway
2558,SeaLake
1910,Highway
2142,AnnualCrop
2124,AnnualCrop
3129,SeaLake
2123,PermanentCrop
3091,AnnualCrop
3065,PermanentCrop
1497,SeaLake
3003,Forest
3567,SeaLake
1269,Industrial
1877,HerbaceousVegetation
428,PermanentCrop
570,HerbaceousVegetation
2900,PermanentCrop
2282,Industrial
1301,SeaLake
922,Pasture
1522,HerbaceousVegetation
1575,SeaLake
2102,HerbaceousVegetation
3662,Forest
669,PermanentCrop
235,AnnualCrop
2768,SeaLake
4212,PermanentCrop
3417,PermanentCrop
1577,Forest
1604,SeaLake
1679,Highway
1943,SeaLake
2793,Highway
269,Forest
1930,HerbaceousVegetation
1203,HerbaceousVegetation
2291,PermanentCrop
3484,Highway
3228,HerbaceousVegetation
2177,HerbaceousVegetation
3701,Residential
1003,PermanentCrop
3946,Industrial
2105,PermanentCrop
1893,SeaLake
2725,AnnualCrop
328,HerbaceousVegetation
986,HerbaceousVegetation
1441,PermanentCrop
2361,Highway
2162,PermanentCrop
2941,Residential
2320,Industrial
843,Highway
154,PermanentCrop
4099,SeaLake
859,HerbaceousVegetation
3993,Pasture
586,PermanentCrop
2356,Residential
274,SeaLake
4142,AnnualCrop
3219,River
2829,PermanentCrop
2618,HerbaceousVegetation
1491,River
1031,PermanentCrop
2310,HerbaceousVegetation
166,Pasture
1874,Highway
3663,River
3629,SeaLake
3513,AnnualCrop
104,PermanentCrop
2033,SeaLake
2856,Highway
444,AnnualCrop
4180,PermanentCrop
442,SeaLake
2139,River
427,Highway
999,SeaLake
2942,SeaLake
1124,Residential
2160,SeaLake
2782,Highway
3815,Highway
1277,Pasture
2411,PermanentCrop
456,SeaLake
2940,SeaLake
2807,Highway
1670,SeaLake
1745,Pasture
1600,HerbaceousVegetation
2059,AnnualCrop
224,SeaLake
3139,Highway
3878,HerbaceousVegetation
3988,Forest
1230,River
721,Industrial
4030,River
3360,SeaLake
1293,SeaLake
1908,Residential
1327,Highway
825,River
598,SeaLake
1151,Highway
2374,SeaLake
1803,PermanentCrop
1191,SeaLake
1116,PermanentCrop
3625,Forest
1852,PermanentCrop
1132,HerbaceousVegetation
206,Forest
4066,Pasture
752,PermanentCrop
2292,HerbaceousVegetation
2403,SeaLake
1479,HerbaceousVegetation
1545,SeaLake
900,HerbaceousVegetation
2804,SeaLake
1154,Forest
1060,PermanentCrop
519,Pasture
2997,Residential
2362,Pasture
650,SeaLake
3249,Residential
2915,AnnualCrop
1063,PermanentCrop
594,SeaLake
624,SeaLake
2213,SeaLake
1890,HerbaceousVegetation
2244,Forest
1265,River
475,SeaLake
62,Residential
147,HerbaceousVegetation
3873,Residential
996,SeaLake
2797,Highway
3198,PermanentCrop
3507,Pasture
3375,Industrial
3071,SeaLake
1229,Pasture
2553,SeaLake
3805,SeaLake
452,SeaLake
1712,SeaLake
3979,PermanentCrop
1783,Industrial
2096,Pasture
2021,SeaLake
991,SeaLake
747,HerbaceousVegetation
917,SeaLake
2218,PermanentCrop
2765,Highway
2602,SeaLake
3762,PermanentCrop
682,HerbaceousVegetation
2106,AnnualCrop
582,Residential
4221,HerbaceousVegetation
3288,Pasture
1721,SeaLake
717,Residential
1995,Industrial
4041,SeaLake
3408,Residential
201,SeaLake
3429,Forest
4040,SeaLake
2405,HerbaceousVegetation
3217,Pasture
380,SeaLake
2435,SeaLake
4006,SeaLake
1870,Residential
3919,SeaLake
1087,Pasture
4210,Industrial
3331,Highway
1753,Residential
4205,Highway
4218,Forest
684,Residential
3124,SeaLake
663,PermanentCrop
2709,SeaLake
755,SeaLake
1131,SeaLake
1273,Highway
106,HerbaceousVegetation
1863,HerbaceousVegetation
118,SeaLake
2088,SeaLake
2457,SeaLake
839,PermanentCrop
1774,PermanentCrop
925,PermanentCrop
485,Industrial
2524,SeaLake
3740,PermanentCrop
3018,Industrial
372,SeaLake
3892,PermanentCrop
3137,Pasture
4169,Industrial
2144,Residential
3236,PermanentCrop
4061,HerbaceousVegetation
1165,HerbaceousVegetation
1699,HerbaceousVegetation
1409,HerbaceousVegetation
3008,HerbaceousVegetation
2214,HerbaceousVegetation
1143,SeaLake
2579,PermanentCrop
606,SeaLake
1948,Highway
3231,Residential
388,Industrial
2126,SeaLake
3324,PermanentCrop
2889,PermanentCrop
3419,PermanentCrop
1486,Industrial
2805,SeaLake
439,HerbaceousVegetation
1565,AnnualCrop
1194,SeaLake
613,Residential
3406,Pasture
910,SeaLake
1563,Residential
3486,Pasture
1730,PermanentCrop
443,SeaLake
3870,HerbaceousVegetation
413,HerbaceousVegetation
1331,SeaLake
2475,AnnualCrop
1878,SeaLake
1026,River
2378,Pasture
445,HerbaceousVegetation
3291,PermanentCrop
410,Industrial
2715,PermanentCrop
3668,HerbaceousVegetation
3896,SeaLake
4139,Highway
3059,Residential
2382,HerbaceousVegetation
75,PermanentCrop
2390,Industrial
164,Industrial
3397,HerbaceousVegetation
53,HerbaceousVegetation
1138,SeaLake
2179,PermanentCrop
3565,Residential
2007,Pasture
3709,Highway
842,SeaLake
714,Pasture
392,PermanentCrop
2151,SeaLake
3200,SeaLake
3,SeaLake
3116,Forest
289,Highway
3821,SeaLake
1832,HerbaceousVegetation
24,HerbaceousVegetation
3703,SeaLake
2730,SeaLake
745,HerbaceousVegetation
1173,AnnualCrop
861,HerbaceousVegetation
961,Highway
3207,Highway
395,Pasture
984,AnnualCrop
1554,Pasture
2833,SeaLake
3444,PermanentCrop
292,SeaLake
1450,HerbaceousVegetation
1750,Highway
116,HerbaceousVegetation
1073,Residential
1133,Forest
2547,HerbaceousVegetation
1189,HerbaceousVegetation
3587,SeaLake
1217,SeaLake
896,Industrial
2008,AnnualCrop
77,HerbaceousVegetation
3898,Industrial
244,Highway
3848,Industrial
3855,Industrial
1110,HerbaceousVegetation
2664,PermanentCrop
2830,SeaLake
3413,Pasture
4191,HerbaceousVegetation
2525,SeaLake
3048,Residential
1561,AnnualCrop
865,SeaLake
2824,Residential
3239,SeaLake
2136,HerbaceousVegetation
2220,HerbaceousVegetation
216,SeaLake
3256,SeaLake
880,Forest
2349,River
4008,Industrial
1107,Highway
2116,River
1304,SeaLake
1298,Pasture
3112,River
3745,Industrial
3094,PermanentCrop
538,Residential
144,Pasture
1274,HerbaceousVegetation
4094,Highway
3029,Residential
3238,AnnualCrop
526,Highway
151,PermanentCrop
1525,HerbaceousVegetation
827,HerbaceousVegetation
2875,AnnualCrop
3708,PermanentCrop
3780,River
2508,Pasture
3826,Forest
1455,Highway
33,PermanentCrop
4021,Forest
513,River
2256,PermanentCrop
150,HerbaceousVegetation
1580,River
1678,Pasture
731,AnnualCrop
941,PermanentCrop
1773,HerbaceousVegetation
3361,AnnualCrop
1268,HerbaceousVegetation
211,HerbaceousVegetation
4091,SeaLake
3205,AnnualCrop
3343,Pasture
157,Industrial
1618,SeaLake
1328,Residential
2960,Pasture
2867,SeaLake
4020,SeaLake
657,Forest
2395,Highway
4096,Residential
313,SeaLake
2294,AnnualCrop
4003,Pasture
1022,HerbaceousVegetation
3281,SeaLake
447,SeaLake
3541,SeaLake
2483,PermanentCrop
3697,Pasture
1805,Pasture
2044,SeaLake
331,Forest
1517,SeaLake
885,Pasture
4188,PermanentCrop
1272,River
2870,AnnualCrop
393,Forest
4018,Highway
3054,SeaLake
4007,SeaLake
2295,HerbaceousVegetation
2042,PermanentCrop
1596,PermanentCrop
3348,AnnualCrop
3852,SeaLake
1384,Residential
3264,Highway
3399,HerbaceousVegetation
1579,River
3155,Pasture
3133,Highway
1359,PermanentCrop
3698,Residential
1247,Pasture
2750,Pasture
141,SeaLake
1320,PermanentCrop
525,HerbaceousVegetation
3161,Industrial
3235,River
2842,SeaLake
872,Industrial
3108,HerbaceousVegetation
171,SeaLake
1729,AnnualCrop
2685,SeaLake
2737,HerbaceousVegetation
960,SeaLake
2920,PermanentCrop
2056,Residential
3296,PermanentCrop
3259,HerbaceousVegetation
4220,Highway
3959,PermanentCrop
2018,Highway
2887,Pasture
4076,AnnualCrop
542,Industrial
2319,Residential
72,Highway
3791,HerbaceousVegetation
2366,Pasture
662,HerbaceousVegetation
1462,SeaLake
3531,Industrial
2271,SeaLake
3442,Highway
2267,Pasture
2697,PermanentCrop
1996,Industrial
2639,SeaLake
3373,SeaLake
2977,HerbaceousVegetation
1689,AnnualCrop
162,Residential
2485,Highway
690,HerbaceousVegetation
3654,HerbaceousVegetation
3932,Forest
1373,Forest
1859,PermanentCrop
2082,HerbaceousVegetation
2171,SeaLake
1474,Pasture
3818,AnnualCrop
2495,SeaLake
4024,AnnualCrop
2071,Residential
3771,SeaLake
3661,PermanentCrop
3109,Industrial
483,Industrial
1825,Highway
2363,Pasture
1537,Residential
2516,HerbaceousVegetation
2161,Forest
2714,AnnualCrop
855,Forest
3760,PermanentCrop
2083,HerbaceousVegetation
4067,SeaLake
3310,SeaLake
1161,Pasture
2430,Pasture
2578,Industrial
2667,Pasture
3254,HerbaceousVegetation
1258,AnnualCrop
36,SeaLake
341,HerbaceousVegetation
3273,Pasture
1006,SeaLake
1700,Industrial
2994,Residential
4090,PermanentCrop
2971,SeaLake
2423,Pasture
3593,PermanentCrop
1547,PermanentCrop
604,AnnualCrop
2623,Industrial
360,SeaLake
1726,HerbaceousVegetation
1142,PermanentCrop
189,SeaLake
25,Industrial
1192,Highway
432,Pasture
811,HerbaceousVegetation
3942,Pasture
1915,HerbaceousVegetation
750,SeaLake
464,PermanentCrop
3643,PermanentCrop
1374,HerbaceousVegetation
3596,SeaLake
163,PermanentCrop
3973,SeaLake
2746,Industrial
3967,Highway
2439,PermanentCrop
1292,SeaLake
1819,Highway
647,HerbaceousVegetation
3272,PermanentCrop
3589,SeaLake
4190,Pasture
2420,Industrial
4156,SeaLake
2880,HerbaceousVegetation
1468,Pasture
3004,Industrial
4075,SeaLake
1211,Pasture
1609,PermanentCrop
2613,PermanentCrop
2559,PermanentCrop
1976,PermanentCrop
3657,AnnualCrop
2165,PermanentCrop
2146,PermanentCrop
122,Pasture
3265,PermanentCrop
3789,PermanentCrop
3991,Pasture
1532,SeaLake
3164,Forest
3579,SeaLake
1816,PermanentCrop
3645,HerbaceousVegetation
2949,SeaLake
3732,SeaLake
2871,Industrial
2987,SeaLake
2953,PermanentCrop
983,HerbaceousVegetation
649,River
1037,PermanentCrop
3402,HerbaceousVegetation
571,SeaLake
610,HerbaceousVegetation
1675,PermanentCrop
4015,Industrial
156,SeaLake
3871,Highway
3759,HerbaceousVegetation
3224,Pasture
3490,AnnualCrop
2422,Highway
3938,Industrial
3092,SeaLake
2891,SeaLake
1931,HerbaceousVegetation
294,HerbaceousVegetation
815,SeaLake
1457,HerbaceousVegetation
2868,SeaLake
4140,Highway
2596,HerbaceousVegetation
3542,Highway
1158,SeaLake
3394,PermanentCrop
2742,Highway
962,Highway
1671,Residential
1886,Pasture
2207,Residential
3000,Pasture
2566,SeaLake
1718,AnnualCrop
1342,SeaLake
204,Pasture
1366,PermanentCrop
3623,PermanentCrop
1469,SeaLake
3496,AnnualCrop
1017,HerbaceousVegetation
1028,SeaLake
1866,PermanentCrop
3172,Residential
1524,HerbaceousVegetation
3455,Pasture
3811,Industrial
2967,SeaLake
3908,SeaLake
365,PermanentCrop
3307,HerbaceousVegetation
2004,Highway
422,Industrial
4077,SeaLake
1069,SeaLake
1693,SeaLake
1652,SeaLake
1485,PermanentCrop
1826,Highway
4114,SeaLake
2034,HerbaceousVegetation
300,SeaLake
4224,SeaLake
864,Pasture
4080,Pasture
3134,River
3552,River
4054,HerbaceousVegetation
3314,Pasture
1185,Industrial
1669,PermanentCrop
2261,SeaLake
914,PermanentCrop
1944,Highway
1646,Highway
1912,PermanentCrop
1762,PermanentCrop
1058,SeaLake
759,PermanentCrop
1907,SeaLake
792,Pasture
419,Pasture
906,Pasture
1923,SeaLake
3447,HerbaceousVegetation
1508,Forest
2305,SeaLake
4200,HerbaceousVegetation
581,HerbaceousVegetation
2539,Highway
3618,PermanentCrop
1232,SeaLake
2480,SeaLake
2855,HerbaceousVegetation
1011,Industrial
1676,HerbaceousVegetation
63,AnnualCrop
1214,River
361,Highway
212,Industrial
2983,AnnualCrop
3222,SeaLake
2053,PermanentCrop
2240,HerbaceousVegetation
3539,Pasture
3726,SeaLake
4011,HerbaceousVegetation
1556,HerbaceousVegetation
3188,SeaLake
4198,SeaLake
3332,River
3270,PermanentCrop
3903,PermanentCrop
1243,PermanentCrop
1303,Residential
689,HerbaceousVegetation
2772,Pasture
2234,Highway
2873,Residential
1137,PermanentCrop
3309,HerbaceousVegetation
3074,Residential
2644,SeaLake
3677,SeaLake
3197,HerbaceousVegetation
2260,SeaLake
3557,PermanentCrop
2899,HerbaceousVegetation
2705,Residential
2118,Residential
424,HerbaceousVegetation
1974,HerbaceousVegetation
3242,PermanentCrop
2467,HerbaceousVegetation
1363,SeaLake
2428,Residential
777,SeaLake
3411,PermanentCrop
2079,SeaLake
1751,PermanentCrop
1317,HerbaceousVegetation
2327,PermanentCrop
841,PermanentCrop
3279,SeaLake
3131,AnnualCrop
3844,HerbaceousVegetation
2568,SeaLake
108,SeaLake
3761,PermanentCrop
2115,Industrial
3135,Pasture
4001,PermanentCrop
1797,PermanentCrop
3535,HerbaceousVegetation
127,PermanentCrop
1157,River
651,Highway
51,River
1239,AnnualCrop
2025,River
3689,SeaLake
2556,River
2135,PermanentCrop
4222,Forest
26,AnnualCrop
497,Pasture
3510,SeaLake
644,Forest
2794,HerbaceousVegetation
1756,HerbaceousVegetation
993,Industrial
1969,Pasture
1619,AnnualCrop
2753,PermanentCrop
2951,HerbaceousVegetation
1231,Industrial
3672,HerbaceousVegetation
980,River
1649,Highway
3119,Highway
2456,SeaLake
2688,Industrial
174,PermanentCrop
3461,Industrial
3857,SeaLake
867,SeaLake
1287,PermanentCrop
4202,PermanentCrop
1760,PermanentCrop
2761,SeaLake
205,SeaLake
870,River
614,Residential
3453,HerbaceousVegetation
1978,PermanentCrop
799,PermanentCrop
3928,Forest
3693,SeaLake
3687,SeaLake
1086,AnnualCrop
2648,HerbaceousVegetation
3671,Highway
892,PermanentCrop
2458,PermanentCrop
4215,Highway
4196,Highway
1936,PermanentCrop
3294,PermanentCrop
370,PermanentCrop
2931,SeaLake
4152,HerbaceousVegetation
3794,Highway
3260,Highway
3043,Industrial
763,SeaLake
3635,Highway
2672,Pasture
646,Highway
3538,SeaLake
545,SeaLake
3970,Residential
254,Highway
55,PermanentCrop
2172,Industrial
3920,PermanentCrop
774,SeaLake
652,PermanentCrop
551,Pasture
2081,Highway
1379,PermanentCrop
3721,Highway
1289,Residential
1925,SeaLake
3290,PermanentCrop
1111,PermanentCrop
1958,PermanentCrop
3421,Pasture
1496,AnnualCrop
997,Highway
3181,River
4187,PermanentCrop
2379,River
3965,SeaLake
2821,Highway
4214,HerbaceousVegetation
2469,Highway
1980,PermanentCrop
1112,Forest
408,PermanentCrop
1628,HerbaceousVegetation
1294,SeaLake
3867,Industrial
658,SeaLake
240,SeaLake
207,AnnualCrop
238,Pasture
728,SeaLake
2398,Residential
1391,SeaLake
382,SeaLake
920,SeaLake
1430,River
2787,PermanentCrop
1898,HerbaceousVegetation
213,HerbaceousVegetation
3529,PermanentCrop
1707,Industrial
2065,SeaLake
2274,PermanentCrop
2719,Residential
1355,Pasture
1249,HerbaceousVegetation
4087,Residential
286,Highway
1782,AnnualCrop
4195,HerbaceousVegetation
3227,HerbaceousVegetation
3860,SeaLake
3313,PermanentCrop
546,SeaLake
2158,Pasture
1318,Pasture
3930,Residential
1054,SeaLake
1834,Residential
126,Forest
2015,HerbaceousVegetation
1315,AnnualCrop
1872,HerbaceousVegetation
2621,PermanentCrop
3751,SeaLake
3431,HerbaceousVegetation
3240,PermanentCrop
1822,SeaLake
555,Highway
1030,Residential
4014,SeaLake
1033,SeaLake
1061,Forest
4201,HerbaceousVegetation
2877,Industrial
448,HerbaceousVegetation
123,SeaLake
1254,PermanentCrop
2242,Residential
2325,HerbaceousVegetation
653,Forest
3578,HerbaceousVegetation
711,HerbaceousVegetation
2434,Highway
3289,PermanentCrop
3835,SeaLake
3869,HerbaceousVegetation
3234,AnnualCrop
3754,HerbaceousVegetation
2770,SeaLake
1021,AnnualCrop
1950,PermanentCrop
280,SeaLake
2638,PermanentCrop
1665,Industrial
3551,HerbaceousVegetation
3748,HerbaceousVegetation
1922,HerbaceousVegetation
2858,HerbaceousVegetation
1494,PermanentCrop
1688,Highway
3874,SeaLake
1622,PermanentCrop
2186,PermanentCrop
2576,HerbaceousVegetation
1500,Highway
3372,HerbaceousVegetation
3476,PermanentCrop
3737,PermanentCrop
1613,PermanentCrop
1281,SeaLake
898,HerbaceousVegetation
1433,SeaLake
502,Forest
3849,SeaLake
3494,Forest
4037,PermanentCrop
1742,SeaLake
3489,Industrial
2249,SeaLake
2812,SeaLake
460,AnnualCrop
3686,Pasture
226,SeaLake
346,Industrial
3665,SeaLake
975,SeaLake
1346,HerbaceousVegetation
3424,SeaLake
1648,Highway
2665,SeaLake
1963,Highway
3614,HerbaceousVegetation
1598,PermanentCrop
1034,SeaLake
2904,PermanentCrop
1541,Industrial
3201,River
3914,SeaLake
1765,Industrial
2147,Pasture
1260,HerbaceousVegetation
3886,AnnualCrop
2780,PermanentCrop
2731,River
2928,Industrial
1520,SeaLake
3700,Pasture
1763,PermanentCrop
1354,HerbaceousVegetation
345,SeaLake
937,Pasture
573,Industrial
4189,SeaLake
3957,SeaLake
2463,HerbaceousVegetation
963,PermanentCrop
4035,PermanentCrop
3491,Residential
2531,PermanentCrop
478,SeaLake
3178,PermanentCrop
399,Pasture
3968,Forest
3502,PermanentCrop
2910,HerbaceousVegetation
3173,AnnualCrop
1483,SeaLake
2421,PermanentCrop
4051,HerbaceousVegetation
4027,PermanentCrop
3763,SeaLake
2815,SeaLake
708,HerbaceousVegetation
3132,Highway
3702,SeaLake
2353,HerbaceousVegetation
2401,SeaLake
2912,SeaLake
3518,SeaLake
2655,HerbaceousVegetation
3600,HerbaceousVegetation
1946,River
814,SeaLake
2290,SeaLake
543,PermanentCrop
3847,Residential
2486,PermanentCrop
700,PermanentCrop
1465,HerbaceousVegetation
3044,SeaLake
3975,Residential
2636,River
1735,PermanentCrop
293,PermanentCrop
3130,PermanentCrop
1955,HerbaceousVegetation
3432,AnnualCrop
730,HerbaceousVegetation
1641,SeaLake
821,Industrial
1120,HerbaceousVegetation
3345,AnnualCrop
2954,Forest
1970,AnnualCrop
3225,Forest
1761,Highway
149,HerbaceousVegetation
3767,Forest
2694,PermanentCrop
2332,HerbaceousVegetation
4086,Industrial
3357,HerbaceousVegetation
354,Pasture
3599,HerbaceousVegetation
1608,AnnualCrop
1627,Highway
130,Highway
3138,AnnualCrop
4019,HerbaceousVegetation
430,HerbaceousVegetation
3113,PermanentCrop
3471,Highway
2350,SeaLake
1461,Residential
2652,SeaLake
1201,AnnualCrop
1002,PermanentCrop
2494,Forest
1226,Highway
709,SeaLake
1885,HerbaceousVegetation
4138,Forest
863,Industrial
3682,PermanentCrop
474,River
3226,PermanentCrop
3615,AnnualCrop
3607,Industrial
4154,Highway
2674,SeaLake
1564,River
60,HerbaceousVegetation
563,Residential
2654,SeaLake
1178,Highway
1129,Residential
2869,HerbaceousVegetation
3028,SeaLake
2767,River
2159,SeaLake
2308,Residential
3391,Industrial
1639,HerbaceousVegetation
4226,HerbaceousVegetation
1380,SeaLake
4146,AnnualCrop
3545,Highway
1650,PermanentCrop
383,Highway
1572,Pasture
2692,Forest
1404,PermanentCrop
3734,SeaLake
1654,Highway
1309,Pasture
1403,Industrial
627,PermanentCrop
2169,Pasture
2150,HerbaceousVegetation
1527,HerbaceousVegetation
202,PermanentCrop
2279,HerbaceousVegetation
3327,PermanentCrop
179,SeaLake
2223,Highway
1482,SeaLake
1252,HerbaceousVegetation
433,Highway
1307,River
2187,SeaLake
1224,River
1865,Forest
3101,River
952,River
4071,PermanentCrop
1904,PermanentCrop
1353,Industrial
2304,HerbaceousVegetation
761,Residential
3209,Pasture
3831,Pasture
3592,HerbaceousVegetation
284,Highway
3344,HerbaceousVegetation
2196,SeaLake
1791,HerbaceousVegetation
528,SeaLake
2048,HerbaceousVegetation
3660,AnnualCrop
921,SeaLake
1276,PermanentCrop
559,Highway
3564,SeaLake
1583,PermanentCrop
620,SeaLake
3333,HerbaceousVegetation
1835,Highway
517,PermanentCrop
2255,Pasture
1506,SeaLake
4056,PermanentCrop
1344,PermanentCrop
1221,SeaLake
1591,Pasture
2585,Residential
3128,PermanentCrop
1119,Pasture
3787,Highway
2656,Industrial
91,PermanentCrop
2881,AnnualCrop
698,Highway
4063,PermanentCrop
1123,PermanentCrop
2306,AnnualCrop
2329,Pasture
1651,HerbaceousVegetation
2995,PermanentCrop
3266,PermanentCrop
3573,SeaLake
630,SeaLake
1223,SeaLake
4105,SeaLake
2128,SeaLake
2032,SeaLake
2542,Industrial
4119,SeaLake
1533,SeaLake
3174,Highway
1484,Highway
4127,SeaLake
1196,SeaLake
621,HerbaceousVegetation
772,HerbaceousVegetation
2383,Forest
3766,PermanentCrop
1824,PermanentCrop
3148,SeaLake
1873,Industrial
4022,Industrial
3837,SeaLake
1999,HerbaceousVegetation
977,PermanentCrop
1347,Pasture
1538,SeaLake
2552,SeaLake
729,Forest
236,HerbaceousVegetation
715,SeaLake
414,Forest
20,HerbaceousVegetation
1136,Industrial
3248,Industrial
1253,SeaLake
3077,Forest
3312,SeaLake
3090,PermanentCrop
2300,SeaLake
2156,PermanentCrop
1326,Industrial
4106,HerbaceousVegetation
4186,Pasture
3016,Residential
3978,HerbaceousVegetation
595,PermanentCrop
3647,SeaLake
2432,Highway
436,River
939,SeaLake
515,HerbaceousVegetation
1802,Residential
3293,SeaLake
2197,HerbaceousVegetation
340,PermanentCrop
4209,Pasture
1395,PermanentCrop
2441,HerbaceousVegetation
12,Industrial
1170,SeaLake
4072,Residential
2897,Highway
835,SeaLake
2348,River
2231,SeaLake
3287,Residential
2774,PermanentCrop
2357,SeaLake
4004,PermanentCrop
1199,HerbaceousVegetation
897,PermanentCrop
664,Highway
3388,AnnualCrop
479,PermanentCrop
1530,HerbaceousVegetation
3409,SeaLake
826,River
325,SeaLake
1685,Highway
2548,SeaLake
260,PermanentCrop
3571,Highway
3603,HerbaceousVegetation
411,Residential
2643,Highway
4078,PermanentCrop
1427,Industrial
1323,SeaLake
2098,PermanentCrop
1325,Industrial
789,Industrial
2617,HerbaceousVegetation
3604,SeaLake
1733,HerbaceousVegetation
2452,SeaLake
1574,PermanentCrop
798,SeaLake
2352,HerbaceousVegetation
635,PermanentCrop
3233,PermanentCrop
381,AnnualCrop
1720,HerbaceousVegetation
3581,Forest
612,Industrial
1982,SeaLake
2199,HerbaceousVegetation
4172,HerbaceousVegetation
506,SeaLake
2947,HerbaceousVegetation
3956,PermanentCrop
1390,PermanentCrop
3341,AnnualCrop
3457,AnnualCrop
4058,SeaLake
3422,PermanentCrop
2738,HerbaceousVegetation
4137,Highway
795,PermanentCrop
3911,Residential
3722,SeaLake
3255,SeaLake
2679,Pasture
3803,SeaLake
2317,PermanentCrop
3168,HerbaceousVegetation
1040,HerbaceousVegetation
890,Residential
3718,SeaLake
753,Industrial
2999,SeaLake
3566,Highway
347,HerbaceousVegetation
1164,SeaLake
1025,PermanentCrop
1435,Pasture
2683,HerbaceousVegetation
2,HerbaceousVegetation
1776,PermanentCrop
1340,River
105,Pasture
2224,PermanentCrop
1813,HerbaceousVegetation
1431,HerbaceousVegetation
1439,Industrial
435,SeaLake
3403,PermanentCrop
955,SeaLake
4118,Highway
3410,SeaLake
2075,Residential
3921,HerbaceousVegetation
1647,Pasture
1838,PermanentCrop
1858,AnnualCrop
249,PermanentCrop
676,HerbaceousVegetation
3619,River
3994,Forest
1144,Forest
3667,PermanentCrop
2766,AnnualCrop
1297,Pasture
4057,Pasture
2992,Residential
908,PermanentCrop
160,Industrial
2344,SeaLake
1501,Highway
3934,SeaLake
2653,River
2883,HerbaceousVegetation
3688,PermanentCrop
3651,PermanentCrop
4148,HerbaceousVegetation
4167,AnnualCrop
2145,SeaLake
3093,SeaLake
489,HerbaceousVegetation
2521,HerbaceousVegetation
995,Residential
1557,SeaLake
2182,SeaLake
2973,PermanentCrop
2706,HerbaceousVegetation
965,AnnualCrop
2002,Residential
3633,PermanentCrop
3516,Industrial
39,SeaLake
3608,SeaLake
168,Highway
